id,edad,altura,peso,nota_final,genero
1,18.19,167.93,61.92,7.43,Masculino
2,19.47,161.41,59.18,7.87,Femenino
3,19.97,160.76,57.05,6.89,Masculino
4,19.93,158.02,58.78,6.86,Femenino
5,19.68,157.53,56.59,7.48,Masculino
6,18.76,160.5,62.13,7.06,Femenino
7,19.11,163.68,59.83,6.8,Masculino
8,19.39,153.0,58.48,6.53,Femenino
9,22.81,158.94,63.21,6.97,Masculino
10,20.15,162.05,56.61,7.51,Masculino
11,21.16,155.05,63.31,7.09,Masculino
12,18.69,160.2,61.74,6.77,Masculino
13,19.33,158.31,61.03,7.06,Masculino
14,19.21,170.39,63.38,7.23,Masculino
15,19.59,159.01,56.66,7.24,Femenino
16,19.7,163.02,56.24,6.77,Femenino
17,21.83,154.15,62.62,6.63,Masculino
18,20.2,160.51,62.51,6.53,Masculino
19,20.04,163.4,62.39,7.04,Femenino
20,19.9,165.72,59.83,7.78,Masculino
21,20.29,164.39,61.79,7.62,Masculino
22,19.32,156.31,60.68,6.58,Masculino
23,18.52,160.44,58.13,6.78,Masculino
24,20.0,163.55,53.86,6.07,Masculino
25,20.28,163.97,60.47,7.25,Femenino
26,21.48,151.17,61.63,7.2,Femenino
27,18.99,154.81,58.03,7.59,Masculino
28,19.5,154.6,60.24,7.26,Femenino
29,19.56,158.47,63.25,7.68,Femenino
30,18.74,163.37,58.83,7.2,Femenino
31,21.45,156.58,59.12,6.75,Femenino
32,21.47,164.66,62.85,6.99,Femenino
33,21.52,159.48,60.42,7.55,Masculino
34,20.38,163.78,59.7,8.33,Masculino
35,17.89,168.12,60.7,7.56,Femenino
36,16.75,169.65,58.69,7.46,Masculino
37,20.8,158.66,61.87,7.33,Masculino
38,20.2,161.28,58.09,6.23,Masculino
39,18.77,159.21,55.6,6.63,Masculino
40,19.97,156.98,59.71,7.78,Masculino
41,19.27,160.98,57.12,6.98,Masculino
42,20.94,164.05,57.84,6.01,Femenino
43,20.79,158.44,59.69,7.1,Masculino
44,18.27,165.68,57.38,6.03,Femenino
45,19.63,159.83,60.87,7.54,Femenino
46,21.79,155.87,60.35,7.17,Femenino
47,18.98,165.23,62.25,7.38,Femenino
48,20.78,166.6,55.59,6.6,Femenino
49,18.35,161.42,62.52,6.5,Femenino
50,21.26,154.65,58.24,7.04,Femenino
51,19.1,165.68,62.97,6.89,Masculino
52,22.22,162.77,61.62,7.0,Masculino
53,19.07,155.64,59.61,5.78,Masculino
54,19.82,160.25,59.36,7.51,Masculino
55,20.53,158.66,60.9,6.18,Femenino
56,20.87,162.78,60.62,7.19,Masculino
57,20.74,163.12,58.78,6.97,Femenino
58,19.9,160.56,59.16,7.48,Femenino
59,19.41,151.5,60.1,7.46,Femenino
60,22.55,164.73,60.95,7.08,Femenino
61,17.75,166.17,58.01,7.88,Masculino
62,21.7,161.62,58.07,6.26,Masculino
63,20.21,159.04,57.45,6.78,Femenino
64,21.02,162.46,62.38,7.3,Femenino
65,21.67,160.35,58.91,6.91,Masculino
66,21.8,164.18,54.73,6.61,Masculino
67,21.03,167.95,58.86,6.85,Femenino
68,18.77,164.33,59.08,7.2,Masculino
69,21.24,155.35,58.24,7.77,Masculino
70,19.1,158.33,57.78,6.62,Femenino
71,19.26,166.73,63.56,6.29,Masculino
72,21.73,160.1,58.57,6.72,Femenino
73,23.08,157.21,60.68,6.52,Femenino
74,19.49,151.21,58.38,6.85,Femenino
75,21.86,160.22,59.19,6.51,Femenino
76,21.41,151.82,61.24,6.69,Femenino
77,20.71,164.25,63.1,6.63,Femenino
78,18.74,156.82,57.66,7.27,Masculino
79,20.89,161.17,64.56,7.5,Femenino
80,19.55,162.06,62.99,6.68,Femenino
81,18.52,162.39,59.79,5.97,Masculino
82,21.48,155.59,65.44,7.4,Masculino
83,20.96,149.29,59.35,7.11,Femenino
84,19.72,157.36,58.94,6.6,Femenino
85,21.05,163.79,62.05,8.2,Masculino
86,18.06,160.19,56.48,6.9,Femenino
87,20.46,156.24,60.82,6.32,Masculino
88,22.98,157.92,62.34,7.63,Masculino
89,18.44,158.06,65.46,7.34,Femenino
90,21.27,163.37,60.26,6.93,Femenino
91,20.04,164.77,62.78,7.08,Masculino
92,20.83,163.64,60.85,5.65,Femenino
93,20.69,166.46,58.11,7.67,Femenino
94,20.52,161.65,56.05,7.11,Femenino
95,18.26,155.01,61.59,7.64,Masculino
96,19.25,158.41,58.79,7.64,Femenino
97,19.52,161.76,62.06,7.11,Femenino
98,18.06,157.92,60.17,6.72,Femenino
99,21.39,156.92,58.99,7.61,Femenino
100,21.96,163.36,59.48,6.37,Masculino
101,20.35,159.48,65.76,7.56,Masculino
102,20.29,159.06,56.37,6.36,Femenino
103,21.87,151.97,60.36,7.25,Femenino
104,21.21,163.19,59.1,7.59,Femenino
105,20.19,155.82,60.1,7.94,Masculino
106,20.03,156.66,56.93,7.33,Femenino
107,22.07,163.6,63.26,7.4,Masculino
108,21.28,159.25,60.8,7.67,Femenino
109,19.04,165.43,60.19,7.02,Masculino
110,18.88,162.41,59.44,7.0,Femenino
111,21.48,162.7,53.13,7.52,Masculino
112,21.56,168.28,64.26,7.31,Femenino
113,20.45,157.42,60.65,7.1,Femenino
114,21.19,152.11,62.72,6.8,Femenino
115,20.1,159.57,54.55,6.98,Femenino
116,19.59,156.33,59.66,6.8,Masculino
117,18.86,161.28,57.76,7.27,Masculino
118,21.29,159.1,55.23,7.41,Masculino
119,20.69,155.28,58.65,7.29,Masculino
120,20.42,174.6,67.93,6.88,Masculino
121,20.6,160.64,61.96,6.95,Masculino
122,19.88,164.55,58.1,7.25,Femenino
123,21.83,166.05,56.82,7.28,Masculino
124,20.86,161.73,57.09,6.39,Femenino
125,18.77,160.82,60.56,8.16,Masculino
126,20.23,161.51,56.49,7.74,Femenino
127,19.52,148.18,63.48,7.01,Femenino
128,19.98,161.3,61.78,7.46,Femenino
129,21.41,162.73,59.96,7.04,Masculino
130,16.97,156.32,61.89,7.25,Masculino
131,19.81,154.94,61.16,7.08,Femenino
132,19.29,170.4,57.78,6.82,Masculino
133,22.3,158.96,57.99,7.55,Masculino
134,20.92,159.63,60.02,7.29,Masculino
135,21.67,160.89,62.52,6.6,Masculino
136,21.61,170.49,64.15,7.11,Femenino
137,19.62,163.09,53.37,7.15,Femenino
138,20.08,152.79,59.38,7.42,Masculino
139,21.35,161.55,62.25,7.32,Masculino
140,18.82,156.01,63.16,6.8,Masculino
141,20.34,155.81,60.34,6.64,Femenino
142,19.66,153.47,65.78,7.11,Femenino
143,20.2,160.23,60.43,7.34,Masculino
144,19.56,161.32,57.71,6.97,Masculino
145,19.9,163.98,58.73,7.43,Masculino
146,21.01,163.91,61.05,7.05,Masculino
147,19.73,158.91,57.76,6.49,Masculino
148,21.31,165.43,60.23,7.05,Masculino
149,22.08,159.31,62.77,7.49,Masculino
150,18.21,158.89,56.42,7.13,Masculino
151,20.16,155.82,61.62,6.98,Masculino
152,20.59,161.42,63.02,6.96,Masculino
153,18.76,156.58,56.26,6.93,Masculino
154,18.7,157.87,59.82,7.15,Masculino
155,19.49,155.43,57.12,7.38,Femenino
156,20.53,161.27,61.57,6.86,Femenino
157,18.94,151.85,60.23,6.43,Femenino
158,18.55,159.72,59.36,7.89,Femenino
159,19.82,164.33,61.04,7.43,Femenino
160,19.16,158.36,61.51,7.18,Masculino
161,21.13,160.14,55.78,6.88,Masculino
162,18.94,158.45,60.61,7.43,Masculino
163,17.63,163.67,61.33,7.49,Masculino
164,18.8,152.73,57.11,7.99,Femenino
165,22.07,168.56,59.62,6.56,Femenino
166,20.34,160.06,54.98,7.24,Masculino
167,18.84,155.32,62.23,6.71,Femenino
168,20.41,157.06,59.88,7.06,Femenino
169,20.09,157.31,60.59,7.36,Femenino
170,20.69,162.01,56.28,6.96,Masculino
171,20.38,158.0,59.68,6.9,Femenino
172,18.81,168.2,58.82,7.11,Femenino
173,20.06,159.73,54.1,7.9,Masculino
174,20.37,168.9,60.4,7.31,Masculino
175,19.12,160.56,59.8,7.02,Masculino
176,20.53,160.15,59.88,6.41,Femenino
177,18.68,160.2,62.26,7.44,Femenino
178,18.3,151.39,62.73,7.24,Masculino
179,19.48,165.55,63.29,7.03,Masculino
180,20.06,160.17,61.41,6.28,Masculino
181,20.69,159.55,55.6,6.04,Femenino
182,21.9,154.55,60.61,7.58,Femenino
183,19.71,162.57,60.64,8.51,Femenino
184,19.5,155.99,56.26,7.19,Masculino
185,20.96,157.41,65.0,7.55,Femenino
186,21.52,166.29,65.96,6.98,Femenino
187,21.67,161.32,64.98,6.78,Femenino
188,20.8,160.32,62.41,7.01,Femenino
189,19.23,169.29,60.03,6.73,Masculino
190,19.74,165.71,61.72,6.92,Femenino
191,19.65,161.11,58.0,6.9,Femenino
192,21.49,164.42,64.04,7.12,Masculino
193,21.19,164.07,54.65,6.78,Masculino
194,19.09,168.78,58.15,6.8,Masculino
195,19.79,158.36,64.46,7.32,Masculino
196,21.42,160.86,58.36,6.81,Masculino
197,20.79,162.1,58.12,6.78,Masculino
198,19.48,160.26,63.66,6.64,Femenino
199,19.52,155.64,56.39,7.39,Femenino
200,18.8,161.7,58.49,6.55,Masculino
201,23.2,160.71,63.76,7.09,Femenino
202,19.32,168.49,63.35,6.42,Femenino
203,18.13,167.21,61.39,7.47,Masculino
204,20.3,157.81,63.04,6.8,Femenino
205,20.9,154.82,63.98,6.91,Masculino
206,19.76,151.49,56.13,6.58,Femenino
207,22.49,160.95,66.5,6.17,Femenino
208,20.85,156.36,64.76,6.4,Femenino
209,20.65,155.35,55.97,6.87,Femenino
210,18.45,161.37,59.85,7.24,Masculino
211,20.81,159.07,58.08,6.61,Femenino
212,19.54,161.01,56.08,7.56,Masculino
213,19.68,157.21,62.17,6.9,Femenino
214,18.01,161.96,57.04,7.35,Femenino
215,20.87,166.25,60.37,6.01,Femenino
216,20.75,152.83,56.97,7.58,Femenino
217,19.17,157.42,60.71,7.97,Femenino
218,21.42,167.78,61.57,7.12,Masculino
219,20.54,169.75,61.26,6.38,Femenino
220,21.01,154.3,59.72,6.76,Femenino
221,21.29,162.17,59.42,7.31,Masculino
222,19.03,162.62,60.47,7.38,Masculino
223,19.0,163.38,59.2,7.46,Masculino
224,21.58,163.21,62.4,6.7,Masculino
225,19.78,165.53,61.12,6.98,Masculino
226,20.17,164.54,60.64,6.33,Femenino
227,21.1,164.88,60.28,6.46,Femenino
228,21.05,160.89,58.25,7.48,Femenino
229,18.5,164.91,65.09,7.98,Femenino
230,19.0,151.32,59.89,6.73,Femenino
231,17.62,162.63,61.64,7.59,Masculino
232,18.4,158.89,64.0,6.6,Masculino
233,19.9,156.73,59.27,6.96,Femenino
234,19.23,161.45,59.11,7.22,Femenino
235,19.38,155.56,60.45,6.92,Femenino
236,20.06,164.39,56.19,7.18,Masculino
237,18.73,153.76,59.54,7.36,Femenino
238,20.35,168.11,57.21,7.35,Femenino
239,18.79,161.49,58.07,7.61,Femenino
240,17.6,154.48,55.68,7.35,Masculino
241,18.9,160.81,59.38,6.47,Masculino
242,19.47,155.56,59.32,6.01,Femenino
243,22.23,167.05,60.25,6.8,Femenino
244,19.45,160.88,62.99,7.69,Femenino
245,22.35,156.01,56.47,7.11,Femenino
246,19.87,162.04,62.65,7.04,Masculino
247,20.2,161.41,62.66,7.14,Femenino
248,20.84,159.16,62.52,6.37,Masculino
249,20.37,153.57,59.18,6.06,Femenino
250,22.19,166.72,60.23,6.98,Femenino
251,19.18,154.77,62.29,6.82,Femenino
252,19.26,155.38,62.62,6.48,Masculino
253,18.58,159.7,57.6,8.09,Masculino
254,19.81,159.79,65.79,7.39,Femenino
255,20.75,167.66,59.46,6.63,Femenino
256,20.08,168.54,58.79,7.42,Masculino
257,20.71,171.69,61.45,8.37,Masculino
258,19.35,165.44,59.11,6.74,Femenino
259,21.53,163.73,59.62,6.49,Femenino
260,19.45,164.58,61.96,7.82,Femenino
261,21.57,158.87,60.46,7.15,Femenino
262,20.4,162.85,62.92,6.34,Masculino
263,19.55,165.79,60.86,7.14,Masculino
264,22.15,164.43,62.22,6.83,Femenino
265,19.7,168.28,57.44,6.76,Masculino
266,19.46,169.27,61.13,7.46,Femenino
267,21.34,164.25,60.27,6.42,Femenino
268,19.98,156.1,59.18,7.11,Femenino
269,18.13,159.06,59.57,6.43,Femenino
270,19.02,151.41,60.1,6.94,Masculino
271,18.28,158.93,59.84,7.24,Femenino
272,20.78,157.28,62.86,7.3,Femenino
273,20.02,153.97,57.92,7.18,Masculino
274,20.37,170.72,60.01,6.35,Masculino
275,20.21,163.09,58.39,7.26,Femenino
276,21.02,161.31,62.71,5.77,Femenino
277,19.32,161.39,60.02,7.55,Femenino
278,20.59,164.25,57.63,6.04,Femenino
279,18.12,162.0,59.29,7.18,Masculino
280,19.8,164.11,60.08,7.14,Femenino
281,21.15,163.68,58.6,6.96,Femenino
282,18.72,160.55,58.89,7.29,Masculino
283,18.66,158.93,63.08,7.33,Masculino
284,19.51,161.1,62.11,6.89,Femenino
285,20.36,161.46,57.67,5.98,Masculino
286,19.73,161.47,70.06,6.69,Femenino
287,19.11,158.9,56.78,6.26,Femenino
288,19.21,153.0,60.25,6.63,Femenino
289,18.54,152.2,57.56,7.9,Femenino
290,20.52,161.69,62.06,6.29,Masculino
291,20.06,160.28,59.67,7.28,Femenino
292,20.06,155.56,55.22,7.15,Femenino
293,18.87,158.93,62.81,6.29,Femenino
294,21.74,159.95,57.04,6.79,Masculino
295,22.15,163.06,59.47,7.64,Masculino
296,21.27,166.48,58.38,7.36,Femenino
297,20.28,156.88,61.28,7.1,Masculino
298,20.45,152.57,59.74,6.15,Femenino
299,20.47,161.63,61.58,7.45,Masculino
300,19.8,157.97,59.22,7.52,Femenino
301,19.69,160.24,68.14,8.0,Masculino
302,19.08,164.92,57.66,6.85,Masculino
303,20.17,160.17,56.15,6.96,Femenino
304,23.07,162.39,54.81,7.31,Masculino
305,22.09,169.08,63.41,7.12,Masculino
306,16.51,155.64,60.9,7.5,Masculino
307,19.88,154.17,60.51,7.4,Femenino
308,22.22,152.73,57.77,6.56,Femenino
309,18.98,166.33,64.0,7.88,Masculino
310,21.48,156.99,63.35,7.33,Femenino
311,20.63,170.68,63.67,6.9,Masculino
312,19.44,154.33,60.4,6.63,Femenino
313,19.9,149.47,58.23,7.28,Femenino
314,19.88,160.26,58.91,7.0,Femenino
315,21.28,161.27,58.88,7.66,Masculino
316,19.1,163.99,60.23,7.2,Femenino
317,19.97,154.69,62.15,7.21,Masculino
318,20.62,156.17,57.93,6.14,Femenino
319,22.31,163.02,60.09,6.1,Masculino
320,21.52,166.64,60.73,6.44,Femenino
321,19.9,165.99,56.44,7.43,Masculino
322,19.93,169.29,57.71,6.7,Femenino
323,16.47,153.83,60.73,7.74,Femenino
324,19.59,159.96,61.6,6.2,Femenino
325,19.32,151.68,61.72,6.61,Masculino
326,20.79,165.82,60.68,7.41,Masculino
327,17.22,157.71,60.05,7.47,Masculino
328,20.01,167.27,56.36,6.7,Femenino
329,18.21,149.52,61.64,6.25,Masculino
330,20.63,152.89,62.14,7.36,Masculino
331,19.29,165.29,60.18,7.31,Femenino
332,19.4,161.27,60.35,7.82,Femenino
333,21.22,161.01,60.81,7.48,Masculino
334,22.61,155.09,59.77,6.35,Femenino
335,19.43,155.44,57.38,6.27,Masculino
336,19.6,159.49,60.54,6.17,Femenino
337,18.36,161.41,62.53,6.67,Femenino
338,21.83,159.87,61.42,7.6,Masculino
339,21.67,150.19,58.4,6.5,Masculino
340,21.29,155.27,58.72,6.79,Masculino
341,20.33,155.78,57.96,7.4,Masculino
342,21.06,169.26,64.04,7.87,Masculino
343,20.32,156.73,61.58,6.0,Masculino
344,20.43,158.57,61.44,6.55,Femenino
345,19.6,155.04,62.38,7.48,Masculino
346,20.82,165.35,58.91,7.14,Femenino
347,21.07,166.11,61.44,6.98,Masculino
348,18.96,153.21,57.38,7.98,Femenino
349,18.55,148.08,59.79,7.03,Femenino
350,19.08,161.28,64.72,6.47,Masculino
351,20.95,155.17,58.48,6.95,Masculino
352,19.83,161.02,58.44,7.46,Femenino
353,20.62,160.23,57.37,7.11,Masculino
354,17.94,155.14,65.38,6.61,Femenino
355,19.09,149.77,61.82,7.02,Femenino
356,19.95,156.63,64.18,7.67,Femenino
357,20.69,158.32,61.52,7.61,Femenino
358,19.97,155.8,55.67,7.95,Femenino
359,17.82,162.27,59.58,8.14,Femenino
360,18.51,162.06,60.17,7.29,Femenino
361,19.16,167.4,60.63,6.67,Femenino
362,19.71,158.42,59.35,6.98,Femenino
363,17.99,165.71,56.49,6.88,Femenino
364,19.74,170.47,58.2,7.75,Femenino
365,19.61,172.72,58.96,6.71,Masculino
366,17.55,153.16,58.19,7.57,Femenino
367,19.05,162.08,61.6,7.01,Femenino
368,18.75,165.35,59.88,7.7,Femenino
369,21.14,160.08,61.76,7.23,Femenino
370,18.02,158.84,61.9,7.08,Femenino
371,19.26,157.59,61.64,6.98,Masculino
372,18.69,155.83,58.21,6.53,Masculino
373,21.07,160.47,55.76,7.62,Femenino
374,19.51,162.01,58.25,7.77,Masculino
375,18.61,158.04,62.35,7.0,Masculino
376,18.36,155.05,59.12,6.69,Femenino
377,21.79,153.59,59.6,6.33,Femenino
378,18.89,159.62,62.13,6.72,Femenino
379,20.92,154.95,59.74,5.69,Masculino
380,20.62,161.87,59.44,7.11,Femenino
381,20.5,162.18,61.97,6.26,Masculino
382,20.76,172.67,60.6,6.73,Femenino
383,22.41,162.21,54.34,6.41,Femenino
384,20.22,158.94,57.95,6.46,Femenino
385,21.36,156.87,64.85,7.34,Femenino
386,19.88,159.09,59.51,6.24,Masculino
387,19.55,160.26,56.46,7.03,Masculino
388,19.86,167.01,64.77,7.07,Femenino
389,19.73,155.41,61.09,8.2,Femenino
390,18.66,152.88,58.59,7.41,Femenino
391,21.64,149.91,57.1,7.11,Femenino
392,20.34,157.71,57.11,7.25,Masculino
393,19.3,156.18,54.64,7.87,Masculino
394,19.94,168.53,59.6,6.62,Femenino
395,19.69,156.9,61.13,6.75,Femenino
396,21.38,156.3,60.71,7.32,Femenino
397,21.06,161.68,58.22,6.69,Femenino
398,23.4,162.6,58.93,6.57,Femenino
399,19.09,152.97,56.62,6.93,Femenino
400,18.99,162.79,62.37,6.44,Masculino
401,17.24,161.09,62.35,7.03,Femenino
402,19.53,161.51,59.26,7.03,Femenino
403,23.45,160.29,55.89,6.31,Masculino
404,19.38,157.11,59.37,7.13,Femenino
405,20.29,158.68,62.41,6.97,Femenino
406,18.5,161.43,63.86,7.02,Masculino
407,19.77,155.72,61.13,6.26,Femenino
408,18.84,163.66,63.19,7.78,Femenino
409,20.67,162.8,54.6,7.01,Femenino
410,21.21,161.75,63.75,6.62,Masculino
411,18.35,155.36,58.15,6.77,Femenino
412,18.24,158.88,64.31,6.9,Femenino
413,20.33,163.25,64.57,6.24,Femenino
414,21.4,165.62,60.68,7.41,Femenino
415,20.17,153.61,56.25,6.64,Femenino
416,19.49,159.48,59.56,6.66,Femenino
417,22.29,168.46,62.91,6.46,Masculino
418,18.33,165.54,57.73,6.85,Femenino
419,20.26,154.21,61.68,6.27,Masculino
420,19.97,158.94,61.47,7.18,Femenino
421,21.11,168.95,57.4,6.26,Masculino
422,19.34,153.73,61.12,7.22,Femenino
423,19.14,154.66,57.32,7.15,Femenino
424,21.27,162.19,61.08,6.35,Masculino
425,17.54,156.42,63.03,6.16,Masculino
426,18.84,157.94,60.43,7.07,Femenino
427,20.87,167.25,66.71,6.84,Femenino
428,18.74,159.35,58.43,7.13,Femenino
429,17.2,169.04,58.08,6.27,Femenino
430,21.03,155.16,63.0,7.09,Masculino
431,20.16,156.4,57.84,7.19,Masculino
432,21.13,155.92,65.1,6.31,Femenino
433,20.43,158.99,58.65,6.41,Masculino
434,19.97,156.55,57.19,7.53,Masculino
435,19.29,162.58,59.51,6.95,Femenino
436,20.64,164.99,57.24,6.64,Masculino
437,21.5,168.03,53.65,6.04,Masculino
438,19.64,162.9,56.46,6.99,Femenino
439,20.38,156.46,59.2,7.35,Masculino
440,20.52,149.83,63.93,7.36,Femenino
441,21.23,160.29,57.17,7.02,Femenino
442,20.95,160.23,56.0,6.88,Femenino
443,21.96,150.92,63.77,7.85,Masculino
444,21.79,157.98,61.36,6.69,Masculino
445,19.99,160.47,56.7,7.18,Masculino
446,21.01,164.83,60.11,6.8,Femenino
447,18.81,158.45,60.45,6.83,Femenino
448,19.4,163.61,59.32,6.66,Femenino
449,20.22,160.07,63.01,6.44,Femenino
450,21.45,164.86,58.63,7.12,Femenino
451,19.35,163.38,60.71,6.99,Masculino
452,19.46,157.42,62.04,6.84,Femenino
453,18.53,158.48,61.37,6.56,Masculino
454,20.78,162.45,61.78,7.28,Masculino
455,18.58,149.81,61.27,6.77,Masculino
456,19.73,157.75,59.8,7.61,Masculino
457,19.77,162.97,61.98,5.21,Masculino
458,19.71,156.38,57.52,7.39,Masculino
459,21.3,166.61,58.95,6.8,Femenino
460,19.98,158.78,60.62,7.22,Femenino
461,20.39,157.06,57.87,6.93,Masculino
462,21.17,156.95,59.56,6.61,Masculino
463,21.03,155.32,59.02,6.37,Femenino
464,18.72,164.45,62.97,6.86,Femenino
465,17.68,163.1,64.5,6.83,Femenino
466,19.66,154.31,55.83,7.75,Masculino
467,19.36,158.08,59.43,6.32,Femenino
468,22.04,160.45,59.01,7.16,Femenino
469,19.69,163.06,63.36,7.33,Masculino
470,20.74,161.4,57.74,6.95,Masculino
471,19.36,159.77,63.43,7.15,Masculino
472,21.39,165.92,63.97,6.73,Masculino
473,20.63,156.85,58.33,7.37,Femenino
474,17.71,144.55,58.92,7.38,Femenino
475,20.45,166.51,58.05,7.85,Masculino
476,18.74,165.51,63.37,7.03,Femenino
477,21.22,153.19,58.1,6.67,Femenino
478,21.48,161.11,61.64,7.36,Masculino
479,17.64,160.5,63.16,7.33,Masculino
480,17.63,161.22,60.07,7.07,Femenino
481,19.24,156.34,59.14,6.03,Femenino
482,19.04,166.84,62.44,6.77,Femenino
483,20.18,159.75,69.98,6.37,Femenino
484,21.73,161.83,58.53,8.21,Femenino
485,21.42,159.31,54.15,7.37,Femenino
486,20.85,164.15,56.69,6.07,Masculino
487,20.35,153.69,55.78,6.93,Masculino
488,20.44,150.0,61.32,7.28,Masculino
489,20.99,160.53,59.91,6.83,Masculino
490,20.91,158.59,58.47,6.42,Femenino
491,22.84,155.76,59.06,7.31,Femenino
492,19.2,159.57,64.39,8.21,Femenino
493,20.93,158.81,58.68,6.81,Masculino
494,17.49,163.52,58.19,6.95,Masculino
495,20.95,161.67,62.33,6.82,Femenino
496,19.38,162.18,62.54,6.91,Masculino
497,20.82,160.14,59.16,7.1,Masculino
498,20.77,169.28,54.79,7.82,Femenino
499,18.94,167.33,66.01,6.98,Masculino
500,19.95,152.15,63.12,7.14,Femenino
501,18.94,164.45,60.08,7.4,Femenino
502,20.82,158.68,63.87,6.63,Femenino
503,19.96,159.23,62.93,6.65,Femenino
504,20.11,152.7,58.51,6.71,Masculino
505,18.79,158.34,57.55,6.9,Masculino
506,18.7,151.21,60.52,6.56,Masculino
507,19.97,160.73,62.28,6.85,Masculino
508,19.9,159.85,59.18,6.53,Femenino
509,18.84,165.36,64.86,6.88,Femenino
510,20.79,152.46,60.31,7.51,Femenino
511,20.76,156.18,61.93,7.0,Masculino
512,21.5,149.08,60.5,7.26,Femenino
513,19.99,161.91,59.88,7.42,Masculino
514,20.69,165.43,60.87,6.66,Masculino
515,17.67,161.76,56.5,6.51,Masculino
516,20.25,157.4,61.88,6.44,Masculino
517,20.3,156.09,61.71,6.93,Masculino
518,18.59,153.99,61.67,7.14,Masculino
519,19.66,164.05,56.13,6.66,Masculino
520,22.23,155.89,61.3,7.0,Masculino
521,21.27,151.83,56.14,7.78,Masculino
522,21.25,156.43,60.53,6.71,Masculino
523,18.24,154.86,65.05,7.46,Femenino
524,17.89,158.82,58.49,6.15,Masculino
525,20.18,163.83,56.48,6.96,Masculino
526,20.2,159.93,59.34,6.49,Femenino
527,20.51,165.83,61.6,7.5,Masculino
528,19.38,166.93,60.07,6.39,Femenino
529,20.29,154.49,53.95,6.92,Femenino
530,19.78,160.86,57.21,7.64,Femenino
531,18.84,158.09,61.7,7.4,Femenino
532,19.81,156.48,62.64,6.87,Femenino
533,18.71,157.34,62.31,6.52,Masculino
534,18.87,150.46,60.73,6.91,Femenino
535,21.2,155.36,57.63,7.1,Masculino
536,20.03,162.58,59.59,6.55,Femenino
537,20.03,155.06,57.9,6.76,Femenino
538,21.02,153.12,61.98,6.86,Masculino
539,20.21,149.53,65.56,6.78,Femenino
540,19.68,162.52,61.09,7.41,Masculino
541,21.16,147.12,58.17,6.93,Femenino
542,21.53,165.61,61.7,7.57,Masculino
543,19.36,161.01,61.58,6.49,Femenino
544,20.75,166.78,58.42,7.01,Femenino
545,21.25,155.48,54.57,7.03,Masculino
546,20.65,163.95,58.78,5.87,Femenino
547,19.66,159.0,56.31,7.8,Femenino
548,19.44,156.54,56.89,6.81,Femenino
549,20.57,161.28,61.6,7.4,Masculino
550,20.68,159.26,60.96,6.97,Masculino
551,18.17,157.76,58.79,5.97,Femenino
552,21.62,160.83,57.06,7.57,Masculino
553,19.48,156.0,55.47,7.96,Femenino
554,18.72,148.1,59.4,7.5,Femenino
555,19.33,162.98,59.16,6.52,Masculino
556,20.38,160.71,61.8,6.94,Femenino
557,16.95,161.74,61.77,7.12,Masculino
558,21.87,158.92,61.43,7.69,Masculino
559,19.79,159.78,64.12,8.16,Masculino
560,21.18,144.67,57.17,7.41,Femenino
561,20.57,167.3,60.84,7.1,Masculino
562,19.76,156.45,59.77,6.98,Masculino
563,21.57,162.93,61.19,7.2,Masculino
564,20.0,158.75,60.42,7.48,Femenino
565,20.89,164.41,59.7,7.0,Masculino
566,19.67,173.93,58.33,7.3,Femenino
567,20.22,159.06,58.33,8.09,Femenino
568,18.56,162.0,57.93,5.87,Femenino
569,19.47,160.25,58.88,6.74,Femenino
570,19.35,164.03,57.56,7.59,Masculino
571,19.57,149.02,58.27,7.44,Masculino
572,18.68,162.02,60.03,8.02,Masculino
573,19.76,158.8,63.22,6.92,Femenino
574,20.52,155.49,57.65,7.2,Masculino
575,20.13,155.52,60.77,6.65,Femenino
576,19.15,159.85,58.09,7.2,Masculino
577,19.4,156.47,62.79,6.98,Femenino
578,18.52,156.27,60.77,7.67,Masculino
579,20.15,150.77,60.85,6.45,Femenino
580,19.47,163.59,60.95,7.42,Masculino
581,19.73,158.83,58.92,6.39,Masculino
582,20.53,164.05,59.41,6.92,Masculino
583,18.78,152.8,59.25,7.09,Masculino
584,19.49,157.8,59.57,7.35,Masculino
585,18.91,166.41,58.92,6.11,Femenino
586,21.34,152.96,56.69,6.0,Femenino
587,18.86,157.35,59.22,7.13,Femenino
588,19.34,156.09,58.84,7.0,Masculino
589,17.81,164.25,61.84,7.29,Masculino
590,21.06,157.35,58.15,7.63,Femenino
591,20.45,164.33,58.69,6.71,Masculino
592,19.91,168.2,59.64,7.23,Femenino
593,21.23,162.28,62.31,7.21,Masculino
594,19.92,156.85,61.06,8.47,Femenino
595,20.72,155.49,63.8,6.65,Femenino
596,20.05,160.94,57.93,6.76,Masculino
597,20.42,157.18,57.7,6.7,Femenino
598,20.47,158.04,60.85,6.58,Masculino
599,18.78,154.95,57.94,6.15,Femenino
600,20.41,161.6,59.02,5.99,Femenino
601,19.91,166.69,66.78,7.34,Masculino
602,21.11,157.61,63.72,7.02,Masculino
603,20.03,157.41,59.56,6.45,Masculino
604,19.84,161.16,60.69,6.73,Masculino
605,21.6,159.39,56.41,6.44,Masculino
606,18.4,147.5,57.63,6.55,Femenino
607,20.0,161.91,60.2,6.41,Masculino
608,19.58,155.49,62.87,6.79,Femenino
609,20.97,152.21,58.81,6.54,Femenino
610,18.07,157.79,60.4,6.7,Masculino
611,19.12,163.57,57.03,6.96,Femenino
612,22.0,161.65,59.04,7.19,Masculino
613,21.71,154.78,58.79,6.73,Masculino
614,19.0,158.58,59.04,7.03,Femenino
615,19.43,165.47,57.88,7.13,Femenino
616,19.93,160.83,60.97,6.76,Femenino
617,19.62,160.63,55.73,7.36,Femenino
618,20.15,154.03,59.82,6.69,Femenino
619,19.57,149.02,59.8,6.65,Masculino
620,20.41,159.95,58.33,7.94,Masculino
621,19.58,168.16,59.77,7.81,Femenino
622,20.08,161.5,60.69,7.2,Masculino
623,18.71,160.34,58.93,6.93,Masculino
624,19.98,159.91,60.71,6.45,Femenino
625,23.1,157.61,57.06,7.2,Femenino
626,19.02,157.54,62.04,6.47,Masculino
627,19.38,167.13,57.92,6.67,Masculino
628,18.17,158.75,58.51,6.61,Femenino
629,17.87,166.65,59.0,7.74,Femenino
630,21.03,168.73,60.59,7.23,Masculino
631,21.13,160.25,56.71,7.0,Femenino
632,19.64,162.74,63.17,6.82,Femenino
633,21.58,159.94,67.06,7.56,Masculino
634,22.0,156.11,61.12,6.79,Masculino
635,22.19,159.25,59.5,7.53,Femenino
636,21.31,158.13,59.52,6.86,Masculino
637,21.81,159.89,60.28,6.94,Femenino
638,19.12,157.77,59.12,7.57,Femenino
639,18.93,165.01,67.48,7.17,Masculino
640,19.0,157.34,60.19,7.06,Masculino
641,19.66,164.62,61.15,6.94,Masculino
642,20.23,162.79,59.87,7.83,Femenino
643,19.46,153.67,63.88,7.62,Masculino
644,21.06,157.04,60.25,6.93,Masculino
645,18.71,153.21,60.33,7.73,Femenino
646,20.76,165.82,63.84,5.4,Femenino
647,20.79,162.43,62.41,8.37,Femenino
648,19.82,160.81,61.79,7.24,Masculino
649,18.49,168.95,63.3,7.71,Masculino
650,18.86,158.35,58.29,6.8,Masculino
651,19.93,161.84,63.32,6.89,Femenino
652,20.48,170.43,58.42,6.87,Femenino
653,19.61,158.08,58.02,6.49,Masculino
654,21.36,167.46,61.83,8.59,Femenino
655,21.22,158.01,56.72,7.23,Femenino
656,21.2,159.91,58.21,6.98,Femenino
657,18.94,159.43,57.72,6.43,Masculino
658,18.28,153.9,61.44,6.93,Masculino
659,20.16,157.71,62.49,7.56,Masculino
660,20.53,153.47,59.32,7.4,Femenino
661,20.38,159.36,62.47,6.95,Femenino
662,20.08,150.7,59.92,6.05,Femenino
663,19.93,154.65,61.4,6.78,Masculino
664,19.21,161.86,64.89,7.04,Femenino
665,19.65,162.7,57.17,7.33,Masculino
666,18.19,161.14,60.08,6.91,Femenino
667,20.93,154.44,59.22,7.12,Femenino
668,20.38,162.29,65.64,7.65,Femenino
669,18.81,161.81,55.14,7.45,Masculino
670,19.3,150.44,57.31,6.59,Masculino
671,21.1,160.24,64.72,7.01,Femenino
672,17.73,161.72,61.91,7.76,Masculino
673,20.9,158.44,60.86,7.6,Femenino
674,19.74,152.09,62.1,7.25,Masculino
675,19.7,169.51,62.15,6.29,Femenino
676,20.29,160.88,60.89,6.79,Femenino
677,18.52,159.58,59.09,7.69,Masculino
678,17.14,158.98,55.7,6.91,Femenino
679,19.86,161.83,58.8,7.34,Masculino
680,18.98,165.44,61.63,7.22,Femenino
681,21.8,158.48,59.95,6.99,Femenino
682,18.49,153.27,59.52,7.08,Masculino
683,20.54,162.66,56.11,6.7,Masculino
684,21.28,164.65,58.01,7.06,Femenino
685,19.96,164.73,59.7,6.28,Masculino
686,19.77,160.98,58.71,6.9,Masculino
687,22.88,158.96,64.54,6.76,Femenino
688,19.04,162.41,60.79,6.38,Femenino
689,21.63,161.98,60.82,6.49,Masculino
690,18.67,161.55,59.56,7.56,Femenino
691,19.49,161.46,58.26,6.8,Masculino
692,19.5,161.59,59.24,6.76,Femenino
693,20.94,160.84,61.41,6.81,Femenino
694,21.61,166.89,60.97,6.89,Femenino
695,19.07,162.45,59.26,6.91,Femenino
696,18.8,152.86,59.5,6.28,Masculino
697,19.18,152.34,62.16,7.01,Masculino
698,17.61,151.29,57.1,7.49,Femenino
699,19.32,165.92,59.2,8.43,Masculino
700,19.55,157.85,56.64,6.74,Femenino
701,21.88,166.25,63.22,7.23,Femenino
702,19.03,161.56,57.73,6.82,Masculino
703,21.79,169.04,63.42,6.63,Masculino
704,21.07,160.22,54.55,6.57,Femenino
705,19.31,162.03,66.69,6.6,Masculino
706,20.26,166.56,58.27,6.48,Masculino
707,21.57,158.92,63.02,6.3,Femenino
708,20.19,167.42,60.95,6.71,Masculino
709,21.26,152.51,63.49,7.73,Femenino
710,19.48,163.71,61.55,6.55,Masculino
711,20.3,160.83,53.86,6.99,Masculino
712,19.63,165.13,60.04,6.77,Femenino
713,22.25,156.69,57.64,6.16,Masculino
714,19.84,161.93,60.06,6.44,Masculino
715,20.22,159.19,61.25,7.37,Femenino
716,17.57,154.38,56.81,7.36,Femenino
717,20.94,166.39,61.03,6.92,Masculino
718,18.86,157.07,54.84,7.46,Femenino
719,20.79,164.26,62.95,7.81,Masculino
720,18.09,170.73,61.68,7.18,Masculino
721,22.16,157.8,60.44,7.0,Femenino
722,19.72,158.26,59.06,7.44,Femenino
723,22.82,163.82,60.78,7.16,Masculino
724,16.85,155.67,58.53,6.51,Masculino
725,18.75,164.71,56.14,6.79,Masculino
726,20.72,160.84,60.83,6.46,Masculino
727,19.47,158.1,61.08,6.92,Femenino
728,21.32,159.59,61.93,6.97,Masculino
729,20.85,156.84,58.89,7.17,Masculino
730,18.06,160.03,59.65,7.65,Femenino
731,20.09,154.44,64.1,7.4,Femenino
732,19.98,162.89,62.26,6.82,Femenino
733,20.29,159.74,62.78,6.83,Masculino
734,19.89,158.39,56.08,6.56,Masculino
735,18.16,159.61,59.47,7.36,Masculino
736,20.7,157.12,63.85,6.83,Femenino
737,19.5,163.27,59.1,6.95,Masculino
738,20.14,160.4,58.67,6.35,Masculino
739,19.93,154.22,59.21,7.2,Femenino
740,19.15,157.36,59.88,7.0,Femenino
741,19.92,161.92,59.19,7.74,Masculino
742,21.1,168.36,57.93,7.19,Masculino
743,20.91,163.59,58.01,7.61,Masculino
744,18.7,161.43,58.22,6.8,Masculino
745,20.52,159.04,61.05,6.28,Femenino
746,19.58,159.88,57.27,7.26,Masculino
747,20.55,164.36,66.46,6.62,Femenino
748,19.61,164.57,63.29,6.93,Femenino
749,18.34,164.69,58.08,6.3,Femenino
750,21.58,160.14,57.9,6.71,Femenino
751,17.7,160.26,58.02,7.16,Femenino
752,20.82,159.64,61.38,6.83,Masculino
753,20.81,163.83,62.14,7.62,Masculino
754,20.51,160.77,59.49,7.09,Femenino
755,20.46,162.74,60.76,7.03,Femenino
756,20.08,156.24,60.74,6.63,Masculino
757,18.02,160.89,60.45,6.74,Femenino
758,18.98,149.19,56.81,7.34,Masculino
759,17.18,165.27,57.88,6.22,Masculino
760,18.69,159.66,61.3,6.88,Masculino
761,19.73,169.12,58.41,6.39,Femenino
762,20.31,167.19,57.79,6.66,Femenino
763,19.31,162.63,60.0,7.02,Masculino
764,18.58,158.0,59.36,6.66,Masculino
765,20.97,157.26,63.79,7.39,Femenino
766,19.73,158.01,60.72,7.3,Masculino
767,17.84,157.88,63.26,7.37,Femenino
768,21.2,158.61,61.23,7.52,Masculino
769,18.15,162.29,61.3,7.29,Masculino
770,22.6,149.65,57.72,6.96,Femenino
771,17.46,159.79,59.52,6.53,Masculino
772,19.85,159.05,57.96,6.74,Femenino
773,18.82,163.0,62.2,6.74,Masculino
774,18.69,158.04,62.39,6.65,Femenino
775,20.31,162.37,57.9,7.48,Femenino
776,19.42,162.19,65.47,7.47,Masculino
777,20.79,153.27,58.64,6.68,Femenino
778,17.7,164.89,60.82,6.72,Masculino
779,19.04,157.14,57.2,6.79,Masculino
780,19.1,155.35,61.05,7.24,Masculino
781,21.12,165.25,60.72,6.97,Femenino
782,20.21,162.68,58.67,7.16,Femenino
783,21.26,164.31,58.18,7.15,Masculino
784,20.89,155.55,62.32,7.58,Masculino
785,18.35,163.79,60.07,6.31,Masculino
786,19.51,156.65,59.73,7.19,Femenino
787,18.23,165.74,55.06,6.05,Masculino
788,20.35,152.76,58.4,6.93,Femenino
789,19.5,154.72,60.47,7.52,Masculino
790,17.93,157.23,59.58,7.06,Masculino
791,20.64,157.86,59.13,6.79,Masculino
792,19.53,169.59,56.67,8.01,Femenino
793,19.65,161.31,58.06,7.61,Masculino
794,20.07,166.14,61.96,6.97,Masculino
795,18.17,153.95,62.07,7.72,Femenino
796,19.84,161.58,58.15,7.64,Masculino
797,20.22,160.97,57.89,7.41,Masculino
798,18.95,160.87,59.18,6.44,Masculino
799,18.21,155.96,58.39,6.65,Femenino
800,21.4,162.74,58.11,6.45,Masculino
801,20.16,157.31,62.23,6.99,Masculino
802,19.95,162.8,64.68,6.65,Femenino
803,18.8,153.51,61.23,7.45,Femenino
804,18.41,160.54,59.12,6.65,Femenino
805,22.11,153.19,60.97,6.84,Femenino
806,20.54,162.4,56.3,6.91,Masculino
807,19.58,163.24,61.19,6.66,Femenino
808,21.46,149.78,60.49,6.63,Femenino
809,18.72,160.46,54.59,6.51,Masculino
810,21.63,168.74,60.67,7.42,Masculino
811,20.47,169.5,57.43,7.07,Femenino
812,20.77,151.5,59.45,7.62,Masculino
813,18.46,157.32,60.99,7.52,Femenino
814,20.69,159.51,59.52,6.87,Masculino
815,20.57,159.64,56.3,5.97,Masculino
816,19.63,158.33,56.65,6.73,Femenino
817,21.09,164.51,64.06,7.69,Masculino
818,21.05,153.46,58.77,7.81,Femenino
819,19.6,157.24,57.9,7.5,Femenino
820,21.43,157.0,59.91,6.89,Femenino
821,21.56,159.0,57.03,7.12,Femenino
822,20.29,165.32,59.8,7.12,Femenino
823,21.98,160.51,60.3,6.91,Femenino
824,21.22,162.36,54.67,7.39,Masculino
825,19.89,151.44,57.63,7.06,Femenino
826,19.96,161.33,58.33,6.71,Femenino
827,20.24,156.91,64.25,6.65,Femenino
828,19.99,161.18,62.8,7.54,Femenino
829,19.74,159.39,59.86,6.82,Femenino
830,21.87,156.18,63.24,7.76,Masculino
831,21.76,164.43,59.21,6.94,Femenino
832,20.04,161.21,58.72,6.84,Femenino
833,19.48,164.88,62.19,6.22,Masculino
834,20.07,159.82,59.46,7.46,Masculino
835,21.12,158.19,62.91,7.1,Masculino
836,21.32,158.08,60.3,7.0,Masculino
837,19.3,161.68,61.05,8.18,Masculino
838,20.97,160.99,60.36,6.88,Femenino
839,20.48,161.14,63.53,7.03,Femenino
840,19.22,161.59,65.85,6.82,Masculino
841,18.2,160.98,62.99,7.12,Femenino
842,18.88,158.49,63.22,6.66,Femenino
843,21.38,160.69,56.76,7.28,Femenino
844,19.9,167.45,59.34,6.46,Masculino
845,17.66,160.29,57.1,6.54,Femenino
846,20.87,166.02,61.01,6.69,Femenino
847,20.16,164.19,56.76,6.48,Masculino
848,22.18,161.64,59.66,6.51,Femenino
849,19.94,158.58,60.52,7.52,Femenino
850,19.65,160.63,59.36,6.01,Masculino
851,19.09,166.31,58.25,6.83,Masculino
852,19.81,157.44,59.32,5.61,Masculino
853,20.83,155.71,57.78,6.47,Masculino
854,18.96,151.3,61.55,7.34,Masculino
855,17.74,154.14,60.21,7.26,Masculino
856,18.29,166.72,62.03,7.85,Masculino
857,19.76,165.84,61.19,7.11,Femenino
858,18.64,155.11,56.45,5.77,Masculino
859,21.66,160.36,59.85,7.06,Masculino
860,18.98,157.55,56.27,5.92,Masculino
861,20.25,160.18,60.16,7.58,Femenino
862,20.4,160.3,61.24,6.23,Femenino
863,19.35,164.26,63.26,6.96,Femenino
864,20.45,164.08,62.0,5.71,Femenino
865,21.28,160.07,59.27,6.72,Femenino
866,20.86,157.74,59.52,6.33,Femenino
867,21.04,157.27,60.87,7.74,Femenino
868,19.36,157.71,57.32,7.01,Femenino
869,21.02,158.4,59.8,7.43,Masculino
870,19.89,162.58,62.21,7.5,Masculino
871,19.2,146.85,59.38,6.64,Masculino
872,20.71,156.87,62.52,7.37,Femenino
873,18.32,157.72,56.54,6.7,Masculino
874,19.58,153.12,57.59,7.75,Femenino
875,20.17,157.66,61.69,6.54,Femenino
876,22.89,156.41,62.29,6.74,Femenino
877,21.54,157.99,57.1,6.93,Femenino
878,21.2,156.2,59.66,6.01,Masculino
879,17.6,160.99,55.73,7.39,Masculino
880,21.97,153.6,60.26,7.56,Femenino
881,19.69,156.62,60.01,6.89,Femenino
882,20.47,161.62,56.97,6.12,Masculino
883,21.21,150.67,59.23,5.96,Femenino
884,20.32,158.61,59.85,7.21,Femenino
885,18.45,158.37,60.93,6.93,Femenino
886,22.79,160.05,56.09,7.39,Masculino
887,21.32,153.2,65.59,7.67,Femenino
888,19.22,162.69,59.95,7.0,Masculino
889,20.24,156.0,58.0,7.46,Masculino
890,22.15,158.34,58.11,6.81,Masculino
891,17.55,148.19,61.32,6.46,Femenino
892,22.47,157.19,59.57,7.18,Masculino
893,19.82,169.5,62.37,8.11,Masculino
894,19.85,161.67,62.45,7.01,Masculino
895,19.49,168.74,55.99,6.51,Femenino
896,21.67,148.56,57.48,7.89,Masculino
897,17.8,155.53,59.87,7.02,Femenino
898,20.52,161.99,56.83,6.61,Masculino
899,19.77,159.97,65.15,6.96,Masculino
900,21.01,170.98,57.47,7.25,Femenino
901,20.7,152.25,61.26,6.8,Femenino
902,17.99,155.95,54.23,6.63,Masculino
903,20.83,156.87,63.68,6.72,Femenino
904,22.25,158.67,56.54,6.98,Masculino
905,20.54,160.28,59.68,6.23,Femenino
906,20.15,164.22,61.96,7.93,Masculino
907,21.17,157.85,57.02,7.87,Masculino
908,20.14,153.64,59.01,7.96,Femenino
909,20.66,159.13,58.7,6.94,Femenino
910,19.44,151.63,62.73,6.79,Femenino
911,21.14,166.62,62.95,7.72,Femenino
912,19.33,156.16,59.0,7.15,Masculino
913,19.22,154.6,63.66,8.15,Masculino
914,21.53,163.16,58.78,5.9,Femenino
915,21.51,160.4,59.83,6.58,Masculino
916,20.52,163.77,59.01,5.74,Femenino
917,21.89,158.8,59.27,6.32,Masculino
918,22.23,166.0,59.98,6.57,Masculino
919,20.14,159.57,53.8,6.97,Femenino
920,21.47,161.37,58.03,6.15,Femenino
921,20.73,157.25,61.96,6.13,Femenino
922,19.68,154.65,65.4,6.98,Femenino
923,20.09,159.6,59.96,6.67,Femenino
924,20.14,158.11,62.33,6.75,Femenino
925,20.35,161.33,61.62,6.84,Masculino
926,20.05,156.02,61.02,6.87,Femenino
927,20.41,157.63,58.31,7.53,Femenino
928,20.47,155.33,60.05,7.0,Masculino
929,17.7,161.28,57.07,6.29,Femenino
930,20.43,152.98,57.59,6.27,Masculino
931,22.37,161.73,59.77,6.64,Femenino
932,18.36,157.15,63.76,6.92,Femenino
933,19.47,161.22,61.47,6.84,Masculino
934,19.87,165.11,62.89,7.5,Masculino
935,20.48,152.17,59.51,6.71,Masculino
936,17.8,161.6,61.78,6.85,Masculino
937,20.59,157.61,62.4,7.86,Femenino
938,21.73,168.33,60.78,7.1,Masculino
939,19.1,157.08,60.4,5.69,Femenino
940,17.25,164.94,60.23,6.72,Femenino
941,21.6,166.45,54.3,7.62,Femenino
942,21.25,164.24,56.67,6.88,Femenino
943,19.91,162.66,59.7,6.79,Masculino
944,20.47,155.75,57.64,6.72,Femenino
945,21.14,157.53,60.45,6.29,Femenino
946,19.7,147.82,61.46,6.0,Femenino
947,19.78,160.55,59.2,7.52,Femenino
948,20.33,165.12,59.25,7.84,Femenino
949,17.58,161.69,58.67,6.41,Femenino
950,18.94,158.93,63.74,7.31,Masculino
951,18.18,168.61,63.86,6.79,Masculino
952,19.82,160.74,55.7,7.14,Femenino
953,19.68,166.64,61.53,7.38,Femenino
954,17.77,161.24,59.71,7.06,Masculino
955,19.83,159.07,63.78,6.64,Masculino
956,18.7,164.36,61.26,7.03,Femenino
957,18.69,160.52,59.17,7.09,Masculino
958,21.33,158.5,58.05,6.57,Femenino
959,20.25,172.07,56.88,6.52,Masculino
960,19.01,160.61,56.67,6.61,Masculino
961,24.34,154.44,56.85,7.42,Femenino
962,17.86,162.65,63.09,7.9,Femenino
963,18.76,163.82,61.55,7.52,Masculino
964,20.9,152.27,63.45,8.12,Femenino
965,18.63,162.81,58.06,7.0,Femenino
966,19.65,162.39,61.24,5.74,Masculino
967,20.48,162.08,60.54,7.14,Femenino
968,21.02,154.66,63.24,6.6,Femenino
969,19.03,162.79,59.65,7.24,Masculino
970,22.81,159.77,58.47,7.04,Femenino
971,20.51,162.47,57.32,6.78,Femenino
972,19.45,162.87,65.15,7.01,Femenino
973,21.77,167.18,61.24,6.94,Masculino
974,18.69,167.18,59.19,6.83,Femenino
975,19.42,164.89,58.1,6.78,Masculino
976,20.23,165.85,57.68,7.28,Masculino
977,18.56,155.42,61.23,6.47,Masculino
978,20.76,157.95,65.34,7.11,Femenino
979,19.33,152.8,60.99,7.0,Masculino
980,20.77,166.87,60.12,7.19,Masculino
981,20.21,154.57,54.49,6.86,Femenino
982,20.1,164.26,61.71,6.03,Femenino
983,20.21,172.02,55.83,6.12,Femenino
984,21.65,158.73,58.76,7.48,Femenino
985,20.53,150.93,61.28,6.82,Masculino
986,19.79,159.09,58.05,7.33,Masculino
987,19.54,152.17,61.39,7.59,Masculino
988,19.74,159.35,56.58,6.7,Femenino
989,22.71,164.31,58.95,7.15,Femenino
990,20.0,159.19,61.31,7.26,Masculino
991,19.88,167.8,67.86,8.04,Femenino
992,19.48,162.09,62.76,6.79,Masculino
993,20.34,162.94,61.13,7.18,Masculino
994,18.86,161.71,59.82,6.45,Femenino
995,21.4,162.2,61.98,7.24,Femenino
996,18.1,160.7,61.64,6.33,Femenino
997,20.69,154.47,64.76,6.14,Femenino
998,21.13,168.66,62.31,7.73,Masculino
999,18.95,167.24,59.96,7.1,Femenino
1000,19.93,155.51,57.62,7.2,Femenino
